{"dynamics": {"rotor_positions": [[0.028000, -0.028000, 0.000000], [-0.028000, -0.028000, 0.000000], [-0.028000, 0.028000, 0.000000], [0.028000, 0.028000, 0.000000]], "rotor_thrust_directions": [[0.000000, 0.000000, 1.000000], [0.000000, 0.000000, 1.000000], [0.000000, 0.000000, 1.000000], [0.000000, 0.000000, 1.000000]], "rotor_torque_directions": [[0.000000, 0.000000, -1.000000], [0.000000, 0.000000, 1.000000], [0.000000, 0.000000, -1.000000], [0.000000, 0.000000, 1.000000]], "rotor_thrust_coefficients": [[0.003525, 0.014373, 0.092230], [0.003525, 0.014373, 0.092230], [0.003525, 0.014373, 0.092230], [0.003525, 0.014373, 0.092230]], "rotor_torque_constants": [0.004665, 0.004665, 0.004665, 0.004665], "rotor_time_constants_rising": [0.055455, 0.055455, 0.055455, 0.055455], "rotor_time_constants_falling": [0.249394, 0.249394, 0.249394, 0.249394], "mass": 0.030600, "gravity": [0.000000, 0.000000, -9.810000], "J": [[0.000009, 0.000000, 0.000000], [0.000000, 0.000010, 0.000000], [0.000000, 0.000000, 0.000017]], "J_inv": [[106195.930080, 0.000000, 0.000000], [0.000000, 103690.858463, 0.000000], [0.000000, 0.000000, 57275.351977]], "hovering_throttle_relative": 0.726139, "action_limit": {"min": 0.000000, "max": 1.000000}}, "integration": {"dt": 0.010000}, "mdp": {"init": {"guidance": 0.100000, "max_position": 0.500000, "max_angle": 1.570796, "max_linear_velocity": 1.000000, "max_angular_velocity": 1.000000, "relative_rpm": true, "min_rpm": -1.000000, "max_rpm": 0.000000}, "reward": {"non_negative": false, "scale": 1.000000, "constant": 1.500000, "termination_penalty": -100.000000, "position": 1.000000, "position_clip": 0.000000, "orientation": 0.100000, "linear_velocity": 0.000000, "angular_velocity": 0.000000, "linear_acceleration": 0.000000, "angular_acceleration": 0.000000, "action": 0.000000, "d_action": 1.000000, "position_error_integral": 0.000000}, "observation_noise": {"position": 0.000000, "orientation": 0.000000, "linear_velocity": 0.000000, "angular_velocity": 0.000000, "imu_acceleration": 0.000000}, "action_noise": {"normalized_rpm": 0.000000}, "termination": {"enabled": true, "position_threshold": 1.000000, "linear_velocity_threshold": 2.000000, "angular_velocity_threshold": 35.000000, "position_integral_threshold": 10000.000000, "orientation_integral_threshold": 50000.000000}}, "disturbances": {"random_force": {"mean": 0.000000, "std": 0.000000}, "random_torque": {"mean": 0.000000, "std": 0.000000}}, "domain_randomization": {"thrust_to_weight_min": 1.500000, "thrust_to_weight_max": 5.000000, "torque_to_inertia_min": 40.000000, "torque_to_inertia_max": 1200.000000, "mass_min": 0.020000, "mass_max": 5.000000, "mass_size_deviation": 0.100000, "rotor_time_constant_rising_min": 0.030000, "rotor_time_constant_rising_max": 0.100000, "rotor_time_constant_falling_min": 0.030000, "rotor_time_constant_falling_max": 0.300000, "rotor_torque_constant_min": 0.005000, "rotor_torque_constant_max": 0.050000, "orientation_offset_angle_max": 0.000000, "disturbance_force_max": 0.300000}, "trajectory": {"MIXTURE_N": 2, "mixture": [0.500000, 0.500000], "langevin": {"gamma": 1.000000, "omega": 2.000000, "sigma": 0.500000, "alpha": 0.010000}}}