{"dynamics": {"rotor_positions": [[0.120208, -0.120208, 0.000000], [-0.120208, -0.120208, 0.000000], [-0.120208, 0.120208, 0.000000], [0.120208, 0.120208, 0.000000]], "rotor_thrust_directions": [[0.000000, 0.000000, 1.000000], [0.000000, 0.000000, 1.000000], [0.000000, 0.000000, 1.000000], [0.000000, 0.000000, 1.000000]], "rotor_torque_directions": [[0.000000, 0.000000, -1.000000], [0.000000, 0.000000, 1.000000], [0.000000, 0.000000, -1.000000], [0.000000, 0.000000, 1.000000]], "rotor_thrust_coefficients": [[-1.768999, 11.508243, 11.968428], [-1.768999, 11.508243, 11.968428], [-1.768999, 11.508243, 11.968428], [-1.768999, 11.508243, 11.968428]], "rotor_torque_constants": [0.016000, 0.016000, 0.016000, 0.016000], "rotor_time_constants_rising": [0.020000, 0.020000, 0.020000, 0.020000], "rotor_time_constants_falling": [0.020000, 0.020000, 0.020000, 0.020000], "mass": 0.730000, "gravity": [0.000000, 0.000000, -9.810000], "J": [[0.007910, 0.000000, 0.000000], [0.000000, 0.007910, 0.000000], [0.000000, 0.000000, 0.012300]], "J_inv": [[126.422250, 0.000000, 0.000000], [0.000000, 126.422250, 0.000000], [0.000000, 0.000000, 81.300813]], "hovering_throttle_relative": 0.500000, "action_limit": {"min": 0.000000, "max": 1.000000}}, "integration": {"dt": 0.010000}, "mdp": {"init": {"guidance": 0.100000, "max_position": 0.500000, "max_angle": 1.570796, "max_linear_velocity": 1.000000, "max_angular_velocity": 1.000000, "relative_rpm": true, "min_rpm": -1.000000, "max_rpm": 0.000000}, "reward": {"non_negative": false, "scale": 1.000000, "constant": 1.500000, "termination_penalty": -100.000000, "position": 1.000000, "position_clip": 0.000000, "orientation": 0.100000, "linear_velocity": 0.000000, "angular_velocity": 0.000000, "linear_acceleration": 0.000000, "angular_acceleration": 0.000000, "action": 0.000000, "d_action": 1.000000, "position_error_integral": 0.000000}, "observation_noise": {"position": 0.000000, "orientation": 0.000000, "linear_velocity": 0.000000, "angular_velocity": 0.000000, "imu_acceleration": 0.000000}, "action_noise": {"normalized_rpm": 0.000000}, "termination": {"enabled": true, "position_threshold": 1.000000, "linear_velocity_threshold": 2.000000, "angular_velocity_threshold": 35.000000, "position_integral_threshold": 10000.000000, "orientation_integral_threshold": 50000.000000}}, "disturbances": {"random_force": {"mean": 0.000000, "std": 0.000000}, "random_torque": {"mean": 0.000000, "std": 0.000000}}, "domain_randomization": {"thrust_to_weight_min": 1.500000, "thrust_to_weight_max": 5.000000, "torque_to_inertia_min": 40.000000, "torque_to_inertia_max": 1200.000000, "mass_min": 0.020000, "mass_max": 5.000000, "mass_size_deviation": 0.100000, "rotor_time_constant_rising_min": 0.030000, "rotor_time_constant_rising_max": 0.100000, "rotor_time_constant_falling_min": 0.030000, "rotor_time_constant_falling_max": 0.300000, "rotor_torque_constant_min": 0.005000, "rotor_torque_constant_max": 0.050000, "orientation_offset_angle_max": 0.000000, "disturbance_force_max": 0.300000}, "trajectory": {"MIXTURE_N": 2, "mixture": [0.500000, 0.500000], "langevin": {"gamma": 1.000000, "omega": 2.000000, "sigma": 0.500000, "alpha": 0.010000}}}